Key,Value
site_name,Useful Startups
tagline,India's startup ledger and news in one place
hero_eyebrow,Vol. 01 — Live Feed
hero_title,Know who is building
hero_accent,India's next.
hero_subtext,A living register of Indian startups and the news that moves them.
cta1_label,Explore the Ledger
cta1_url,ledger.html
cta2_label,Read the news
cta2_url,news.html
about_title,About us
about_intro,Why this exists and what we believe.
team_title,The team
team_intro,The people behind the ledger.
contact_title,Get in touch
contact_intro,Questions corrections or partnerships — we read everything.
terms_title,Terms of Use
terms_intro,The rules for using this website.
privacy_title,Privacy Policy
privacy_intro,What we collect and why.
legal_updated,
contact_email,hello@yourdomain.com
contact_phone,
address,
linkedin,
twitter,
instagram,
youtube,
contact_form_url,
logo_url,
footer_blurb,Tracking India's startups one row at a time.
copyright,© 2026 Useful Startups. All rights reserved.
